category,text,image_url,scheduled_time
è¨˜äº‹ç´¹ä»‹,ç›†æ ½å¤–äº¤ï½œæ–‡åŒ–äº¤æµã¨ã—ã¦ã®ç›†æ ½è´ˆç­”ãƒãƒŠãƒ¼ ğŸ‘‰ https://bonsai-catalog.vercel.app/guides/bonsai-diplomacy-gift-etiquette,/images/articles/bonsai-diplomacy-gift-etiquette-img-1.png,2025-09-23 09:00
è¨˜äº‹ç´¹ä»‹,ä¸–ç•Œã®ç›†æ ½ã‚³ãƒ³ãƒ†ã‚¹ãƒˆï½œå‚åŠ æ–¹æ³•ã¨å…¥è³æˆ¦ç•¥ ğŸ‘‰ https://bonsai-catalog.vercel.app/guides/world-bonsai-contest-participation-guide,/images/articles/world-bonsai-contest-participation-guide-img-1.png,2025-09-23 12:00
è¨˜äº‹ç´¹ä»‹,ç›†æ ½ã®è‹±èªè¡¨ç¾ã‚¬ã‚¤ãƒ‰ï½œå›½éš›äº¤æµã§ä½¿ãˆã‚‹å°‚é–€ç”¨èª ğŸ‘‰ https://bonsai-catalog.vercel.app/guides/bonsai-english-terminology-guide,/images/articles/bonsai-english-terminology-guide-img-1.png,2025-09-23 20:00
è¨˜äº‹ç´¹ä»‹,æ±å—ã‚¢ã‚¸ã‚¢ç†±å¸¯ç›†æ ½ï½œé«˜æ¸©å¤šæ¹¿ç’°å¢ƒã§ã®ç‰¹æ®Šç®¡ç† ğŸ‘‰ https://bonsai-catalog.vercel.app/guides/southeast-asia-tropical-bonsai,/images/articles/southeast-asia-tropical-bonsai-img-1.png,2025-09-24 09:00
è¨˜äº‹ç´¹ä»‹,ä¸­å›½ç›†æ™¯ã¨ã®é•ã„ï½œä¼çµ±æŠ€æ³•ã¨ç¾ä»£çš„èåˆ ğŸ‘‰ https://bonsai-catalog.vercel.app/guides/chinese-penjing-vs-japanese-bonsai,/images/articles/chinese-penjing-vs-japanese-bonsai-img-1.png,2025-09-24 12:00
è¨˜äº‹ç´¹ä»‹,ãƒ¨ãƒ¼ãƒ­ãƒƒãƒ‘ç›†æ ½äº‹æƒ…ï½œå„å›½ã®æ°—å€™é©å¿œã¨åœ¨æ¥ç¨®æ´»ç”¨ ğŸ‘‰ https://bonsai-catalog.vercel.app/guides/european-bonsai-climate-adaptation,/images/articles/european-bonsai-climate-adaptation-img-1.png,2025-09-24 20:00
è¨˜äº‹ç´¹ä»‹,ã‚¢ãƒ¡ãƒªã‚«å¼ç›†æ ½ãƒ†ã‚¯ãƒ‹ãƒƒã‚¯ï½œè¥¿æµ·å²¸ã‚¹ã‚¿ã‚¤ãƒ«ã®ç®¡ç†æ³• ğŸ‘‰ https://bonsai-catalog.vercel.app/guides/american-bonsai-west-coast-style,/images/articles/american-bonsai-west-coast-style-img-1.png,2025-09-25 09:00
è¨˜äº‹ç´¹ä»‹,ç›†æ ½ã®å›½éš›è¼¸å‡ºå…¥ã‚¬ã‚¤ãƒ‰ï½œæ¤œç–«ãƒ»æ³•è¦åˆ¶ãƒ»æ‰‹ç¶šãå®Œå…¨è§£èª¬ ğŸ‘‰ https://bonsai-catalog.vercel.app/guides/bonsai-international-import-export-guide,/images/articles/bonsai-international-import-export-guide-img-1.png,2025-09-25 12:00
è¨˜äº‹ç´¹ä»‹,ç›†æ ½ã®æ’®å½±ãƒ†ã‚¯ãƒ‹ãƒƒã‚¯ï½œç¾ã—ãè¨˜éŒ²ã—å…±æœ‰ã™ã‚‹æ–¹æ³• ğŸ‘‰ https://bonsai-catalog.vercel.app/guides/bonsai-photography-guide,/images/articles/bonsai-photography-guide-img-1.png,2025-09-25 20:00
è¨˜äº‹ç´¹ä»‹,ç›†æ ½ã¨èŒ¶é“ã®é–¢ä¿‚ï½œå’Œã®æ–‡åŒ–ã®èåˆã¨æ¥½ã—ã¿æ–¹ ğŸ‘‰ https://bonsai-catalog.vercel.app/guides/bonsai-tea-ceremony-guide,/images/articles/bonsai-tea-ceremony-guide-img-1.png,2025-09-26 09:00
è¨˜äº‹ç´¹ä»‹,ç›†æ ½å¸«ã¸ã®é“ï½œãƒ—ãƒ­ã«ãªã‚‹ãŸã‚ã®ä¿®è¡Œã¨å¿ƒæ§‹ãˆ ğŸ‘‰ https://bonsai-catalog.vercel.app/guides/bonsai-master-career-guide,/images/articles/bonsai-master-career-guide-img-1.png,2025-09-26 12:00
è¨˜äº‹ç´¹ä»‹,æµ·å¤–ã®ç›†æ ½äº‹æƒ…ï½œä¸–ç•Œã«åºƒãŒã‚‹ BONSAI æ–‡åŒ–ã®ç¾åœ¨ ğŸ‘‰ https://bonsai-catalog.vercel.app/guides/global-bonsai-culture-guide,/images/articles/global-bonsai-culture-guide-img-1.png,2025-09-26 20:00
è¨˜äº‹ç´¹ä»‹,ç›†æ ½ã®æ­´å²ã¨æ–‡åŒ–ï½œæ—¥æœ¬ã®ç¾æ„è­˜ã‚’æ·±ãç†è§£ã™ã‚‹ ğŸ‘‰ https://bonsai-catalog.vercel.app/guides/bonsai-history-culture-guide,/images/articles/bonsai-history-culture-guide-img-1.png,2025-09-27 09:00
è¨˜äº‹ç´¹ä»‹,ç›†æ ½ã‚¯ãƒ©ãƒ–æ´»å‹•ã‚¬ã‚¤ãƒ‰ï½œä»²é–“ã¨æ¥½ã—ã‚€ç›†æ ½ãƒ©ã‚¤ãƒ• ğŸ‘‰ https://bonsai-catalog.vercel.app/guides/bonsai-club-community-guide,/images/articles/bonsai-club-community-guide-img-1.png,2025-09-27 12:00
è¨˜äº‹ç´¹ä»‹,ç›†æ ½å±•ç¤ºä¼šå…¥é–€ï½œåˆå‚åŠ ã‹ã‚‰å…¥è³ã¾ã§å®Œå…¨ã‚¬ã‚¤ãƒ‰ ğŸ‘‰ https://bonsai-catalog.vercel.app/guides/bonsai-exhibition-complete-guide,/images/articles/bonsai-exhibition-complete-guide-img-1.png,2025-09-27 20:00
è¨˜äº‹ç´¹ä»‹,ã‚ªãƒªãƒ¼ãƒ–ç›†æ ½å®Œå…¨ã‚¬ã‚¤ãƒ‰ï½œåœ°ä¸­æµ·é¢¨ã®é­…åŠ›ã¨ç¾ã—ã„ã‚·ãƒ«ãƒãƒ¼ãƒªãƒ¼ãƒ• ğŸ‘‰ https://bonsai-catalog.vercel.app/guides/olive-bonsai-mediterranean-charm,/images/articles/olive-bonsai-mediterranean-charm-img-1.png,2025-09-28 09:00
è¨˜äº‹ç´¹ä»‹,ãƒ–ãƒ«ãƒ¼ãƒ™ãƒªãƒ¼ç›†æ ½å®Œå…¨ã‚¬ã‚¤ãƒ‰ï½œæ´‹é¢¨å®Ÿã‚‚ã®ç›†æ ½ã®é­…åŠ›ã¨åç©«ã®æ¥½ã—ã¿ ğŸ‘‰ https://bonsai-catalog.vercel.app/guides/blueberry-bonsai-western-style,/images/articles/blueberry-bonsai-western-style-img-1.png,2025-09-28 12:00
è¨˜äº‹ç´¹ä»‹,ã‚µãƒ«ã‚¹ãƒ™ãƒªã®ç›†æ ½å®Œå…¨ã‚¬ã‚¤ãƒ‰ï½œå¤èŠ±ã‚’æ¥½ã—ã‚€ç¾ã—ã„æ¨¹è‚Œã¨ç®¡ç†æ³• ğŸ‘‰ https://bonsai-catalog.vercel.app/guides/crape-myrtle-summer-flowers,/images/articles/crape-myrtle-summer-flowers-img-1.png,2025-09-28 20:00
è¨˜äº‹ç´¹ä»‹,ãƒ„ãƒã‚­åœ’èŠ¸å“ç¨®åˆ¥å®Œå…¨ã‚¬ã‚¤ãƒ‰ï½œç¾ã—ã„èŠ±ã‚’æ¥½ã—ã‚€å“ç¨®é¸ã³ã¨ç®¡ç†æ³• ğŸ‘‰ https://bonsai-catalog.vercel.app/guides/camellia-varieties-comprehensive-guide,/images/articles/camellia-varieties-comprehensive-guide-img-1.png,2025-09-29 09:00
è¨˜äº‹ç´¹ä»‹,ã‚¯ãƒã‚¶ã‚µç›†æ ½å®Œå…¨ã‚¬ã‚¤ãƒ‰ï½œå’Œã®å¿ƒã‚’è¡¨ç¾ã™ã‚‹ä¸Šå“ãªç¬¹ã®é­…åŠ› ğŸ‘‰ https://bonsai-catalog.vercel.app/guides/kumazasa-bamboo-japanese-style,/images/articles/kumazasa-bamboo-japanese-style-img-1.png,2025-09-29 12:00